granule_uid,granule_gid,obs_id,dataproduct_type,target_name,target_class,time_min,time_max,time_sampling_step_min,time_sampling_step_max,time_exp_min,time_exp_max,spectral_range_min,spectral_range_max,spectral_sampling_step_min,spectral_sampling_step_max,spectral_resolution_min,spectral_resolution_max,spatial_frame_type,instrument_host_name,instrument_name,measurement_type,processing_level,creation_date,modification_date,release_date,service_title,access_url,file_name,access_format,access_estsize,time_scale,thumbnail_url,publisher,bib_reference,target_region,feature_name,receiver_name,spectral_bandwith_min,spectral_bandwith_max
iprt_amateras_low_20150103_v1.0,IPRT AMATERAS Low Resolution Dataset,iprt_amateras_low_20150103_v1.0,ds,Sun,star,2457025.547060185,2457025.6776736113,1,1,1,1,100000000,500000000,976562.0,976562.0,500.0,100.0,none,Itate Observatory,IPRT,phot.flux.density;em.radio;phys.polarization,1,2026-05-14T18:25:32.660,2026-04-06T11:56:24.659,2026-04-06T11:56:24.659,iprt,http://radio.gp.tohoku.ac.jp/db/IPRT-SUN/DATA2/2015/20150103_IPRT.fits,20150103_IPRT.fits,application/fits,9256.32,UTC,http://radio.gp.tohoku.ac.jp/sun_ql/plot/IPRT_SUN_20150103.gif,Tohoku University,10.1007/s11207-011-9919-y,SolarWind#Heliosphere,Solar radio bursts,AMATERAS,976562.0,976562.0
iprt_amateras_low_20150103_v1.0,IPRT AMATERAS Low Resolution Dataset,iprt_amateras_low_20150103_v1.0,ds,Sun,star,2457025.547060185,2457025.6776736113,1,1,1,1,100000000,500000000,976562.0,976562.0,500.0,100.0,,,,,,,,,,,,,,,,,,,,,PPARC TOHOKU University,IPRT,phys.flux.density;em.radio;phys.polarization,1,2026-05-14T18:25:32.660,2026-04-06T11:56:24.659,,,http://radio.gp.tohoku.ac.jp/db/IPRT-SUN/DATA2/2015/20150103_IPRT.fits,20150103_IPRT.fits,application/fits,9256.32,UTC,,http://radio.gp.tohoku.ac.jp/sun_ql/plot/IPRT_SUN_20150103.gif,,,10.1007/s11207-011-9919-y,SolarWind#Heliosphere,Solar radio bursts,,AMATERAS,,,976562.0,976562.0
iprt_amateras_low_20150103_v1.0,IPRT AMATERAS Low Resolution Dataset,iprt_amateras_low_20150103_v1.0,ds,Sun,star,2457025.547060185,2457025.6776736113,1,1,1,1,100000000,500000000,976562.0,976562.0,500.0,100.0,none,Itate Observatory,IPRT,phot.flux.density;em.radio;phys.polarization,1,2026-04-06T11:56:24.556,2026-04-06T11:56:24.659,2026-04-06T11:56:24.659,iprt,http://radio.gp.tohoku.ac.jp/db/IPRT-SUN/DATA2/2015/20150103_IPRT.fits,20150103_IPRT.fits,application/fits,9256.32,UTC,http://radio.gp.tohoku.ac.jp/sun_ql/plot/IPRT_SUN_20150103.gif,Tohoku University,10.1007/s11207-011-9919-y,SolarWind#Heliosphere,Solar radio bursts,AMATERAS,976562.0,976562.0
iprt_amateras_low_20260101_v1.0,IPRT AMATERAS Low Resolution Dataset,iprt_amateras_low_20260101_v1.0,ds,Sun,star,2461041.4923032406,2461041.7362152776,1,1,1,1,100000000,500000000,976562.0,976562.0,500.0,100.0,none,Itate Observatory,IPRT,phot.flux.density;em.radio;phys.polarization,1,2026-04-07T11:12:15.963,2026-04-07T11:12:16.414,2026-04-07T11:12:16.414,iprt,http://radio.gp.tohoku.ac.jp/db/IPRT-SUN/DATA2/2025/20260101_IPRT.fits,20260101_IPRT.fits,application/fits,17228.16,UTC,http://radio.gp.tohoku.ac.jp/sun_ql/plot/IPRT_SUN_20260101.gif,Tohoku University,10.1007/s11207-011-9919-y,SolarWind#Heliosphere,Solar radio bursts,AMATERAS,976562.0,976562.0
iprt_amateras_low_20260103_v1.0,IPRT AMATERAS Low Resolution Dataset,iprt_amateras_low_20260103_v1.0,ds,Sun,star,2461043.4920833334,2461043.738113426,1,1,1,1,100000000,500000000,976562.0,976562.0,500.0,100.0,none,Itate Observatory,IPRT,phot.flux.density;em.radio;phys.polarization,1,2026-04-07T11:12:16.425,2026-04-07T11:12:16.788,2026-04-07T11:12:16.788,iprt,http://radio.gp.tohoku.ac.jp/db/IPRT-SUN/DATA2/2026/20260103_IPRT.fits,20260103_IPRT.fits,application/fits,17326.08,UTC,http://radio.gp.tohoku.ac.jp/sun_ql/plot/IPRT_SUN_20260103.gif,Tohoku University,10.1007/s11207-011-9919-y,SolarWind#Heliosphere,Solar radio bursts,AMATERAS,976562.0,976562.0
iprt_amateras_low_20260104_v1.0,IPRT AMATERAS Low Resolution Dataset,iprt_amateras_low_20260104_v1.0,ds,Sun,star,2461044.4919328704,2461044.738541667,1,1,1,1,100000000,500000000,976562.0,976562.0,500.0,100.0,none,Itate Observatory,IPRT,phot.flux.density;em.radio;phys.polarization,1,2026-04-07T11:12:16.797,2026-04-07T11:12:17.151,2026-04-07T11:12:17.151,iprt,http://radio.gp.tohoku.ac.jp/db/IPRT-SUN/DATA2/2026/20260104_IPRT.fits,20260104_IPRT.fits,application/fits,17424.0,UTC,http://radio.gp.tohoku.ac.jp/sun_ql/plot/IPRT_SUN_20260104.gif,Tohoku University,10.1007/s11207-011-9919-y,SolarWind#Heliosphere,Solar radio bursts,AMATERAS,976562.0,976562.0
iprt_amateras_low_20260105_v1.0,IPRT AMATERAS Low Resolution Dataset,iprt_amateras_low_20260105_v1.0,ds,Sun,star,2461045.4916550927,2461045.739733796,1,1,1,1,100000000,500000000,976562.0,976562.0,500.0,100.0,none,Itate Observatory,IPRT,phot.flux.density;em.radio;phys.polarization,1,2026-04-07T11:12:17.178,2026-04-07T11:12:17.520,2026-04-07T11:12:17.520,iprt,http://radio.gp.tohoku.ac.jp/db/IPRT-SUN/DATA2/2026/20260105_IPRT.fits,20260105_IPRT.fits,application/fits,17521.92,UTC,http://radio.gp.tohoku.ac.jp/sun_ql/plot/IPRT_SUN_20260105.gif,Tohoku University,10.1007/s11207-011-9919-y,SolarWind#Heliosphere,Solar radio bursts,AMATERAS,976562.0,976562.0
iprt_amateras_low_20260106_v1.0,IPRT AMATERAS Low Resolution Dataset,iprt_amateras_low_20260106_v1.0,ds,Sun,star,2461046.491412037,2461046.7394444444,1,1,1,1,100000000,500000000,976562.0,976562.0,500.0,100.0,none,Itate Observatory,IPRT,phot.flux.density;em.radio;phys.polarization,1,2026-04-07T11:12:17.529,2026-04-07T11:12:17.893,2026-04-07T11:12:17.893,iprt,http://radio.gp.tohoku.ac.jp/db/IPRT-SUN/DATA2/2026/20260106_IPRT.fits,20260106_IPRT.fits,application/fits,17521.92,UTC,http://radio.gp.tohoku.ac.jp/sun_ql/plot/IPRT_SUN_20260106.gif,Tohoku University,10.1007/s11207-011-9919-y,SolarWind#Heliosphere,Solar radio bursts,AMATERAS,976562.0,976562.0
iprt_amateras_low_20260107_v1.0,IPRT AMATERAS Low Resolution Dataset,iprt_amateras_low_20260107_v1.0,ds,Sun,star,2461047.4911805554,2461047.74068287,1,1,1,1,100000000,500000000,976562.0,976562.0,500.0,100.0,none,Itate Observatory,IPRT,phot.flux.density;em.radio;phys.polarization,1,2026-04-07T11:12:17.902,2026-04-07T11:12:18.284,2026-04-07T11:12:18.284,iprt,http://radio.gp.tohoku.ac.jp/db/IPRT-SUN/DATA2/2026/20260107_IPRT.fits,20260107_IPRT.fits,application/fits,17619.84,UTC,http://radio.gp.tohoku.ac.jp/sun_ql/plot/IPRT_SUN_20260107.gif,Tohoku University,10.1007/s11207-011-9919-y,SolarWind#Heliosphere,Solar radio bursts,AMATERAS,976562.0,976562.0
iprt_amateras_low_20260108_v1.0,IPRT AMATERAS Low Resolution Dataset,iprt_amateras_low_20260108_v1.0,ds,Sun,star,2461048.4909722223,2461048.7421412035,1,1,1,1,100000000,500000000,976562.0,976562.0,500.0,100.0,none,Itate Observatory,IPRT,phot.flux.density;em.radio;phys.polarization,1,2026-04-07T11:12:18.295,2026-04-07T11:12:18.675,2026-04-07T11:12:18.675,iprt,http://radio.gp.tohoku.ac.jp/db/IPRT-SUN/DATA2/2026/20260108_IPRT.fits,20260108_IPRT.fits,application/fits,17717.76,UTC,http://radio.gp.tohoku.ac.jp/sun_ql/plot/IPRT_SUN_20260108.gif,Tohoku University,10.1007/s11207-011-9919-y,SolarWind#Heliosphere,Solar radio bursts,AMATERAS,976562.0,976562.0
iprt_amateras_low_20260109_v1.0,IPRT AMATERAS Low Resolution Dataset,iprt_amateras_low_20260109_v1.0,ds,Sun,star,2461049.4905439815,2461049.7428356484,1,1,1,1,100000000,500000000,976562.0,976562.0,500.0,100.0,none,Itate Observatory,IPRT,phot.flux.density;em.radio;phys.polarization,1,2026-04-07T11:12:18.684,2026-04-07T11:12:19.067,2026-04-07T11:12:19.067,iprt,http://radio.gp.tohoku.ac.jp/db/IPRT-SUN/DATA2/2026/20260109_IPRT.fits,20260109_IPRT.fits,application/fits,17818.56,UTC,http://radio.gp.tohoku.ac.jp/sun_ql/plot/IPRT_SUN_20260109.gif,Tohoku University,10.1007/s11207-011-9919-y,SolarWind#Heliosphere,Solar radio bursts,AMATERAS,976562.0,976562.0
iprt_amateras_low_20260110_v1.0,IPRT AMATERAS Low Resolution Dataset,iprt_amateras_low_20260110_v1.0,ds,Sun,star,2461050.490266204,2461050.743946759,1,1,1,1,100000000,500000000,976562.0,976562.0,500.0,100.0,none,Itate Observatory,IPRT,phot.flux.density;em.radio;phys.polarization,1,2026-04-07T11:12:19.078,2026-04-07T11:12:19.471,2026-04-07T11:12:19.471,iprt,http://radio.gp.tohoku.ac.jp/db/IPRT-SUN/DATA2/2026/20260110_IPRT.fits,20260110_IPRT.fits,application/fits,17916.48,UTC,http://radio.gp.tohoku.ac.jp/sun_ql/plot/IPRT_SUN_20260110.gif,Tohoku University,10.1007/s11207-011-9919-y,SolarWind#Heliosphere,Solar radio bursts,AMATERAS,976562.0,976562.0
iprt_amateras_low_20260111_v1.0,IPRT AMATERAS Low Resolution Dataset,iprt_amateras_low_20260111_v1.0,ds,Sun,star,2461051.489895833,2461051.744861111,1,1,1,1,100000000,500000000,976562.0,976562.0,500.0,100.0,none,Itate Observatory,IPRT,phot.flux.density;em.radio;phys.polarization,1,2026-04-07T11:12:19.481,2026-04-07T11:12:19.864,2026-04-07T11:12:19.864,iprt,http://radio.gp.tohoku.ac.jp/db/IPRT-SUN/DATA2/2026/20260111_IPRT.fits,20260111_IPRT.fits,application/fits,18014.4,UTC,http://radio.gp.tohoku.ac.jp/sun_ql/plot/IPRT_SUN_20260111.gif,Tohoku University,10.1007/s11207-011-9919-y,SolarWind#Heliosphere,Solar radio bursts,AMATERAS,976562.0,976562.0
iprt_amateras_low_20260112_v1.0,IPRT AMATERAS Low Resolution Dataset,iprt_amateras_low_20260112_v1.0,ds,Sun,star,2461052.4894444444,2461052.7453703703,1,1,1,1,100000000,500000000,976562.0,976562.0,500.0,100.0,none,Itate Observatory,IPRT,phot.flux.density;em.radio;phys.polarization,1,2026-04-07T11:12:19.873,2026-04-07T11:12:20.233,2026-04-07T11:12:20.233,iprt,http://radio.gp.tohoku.ac.jp/db/IPRT-SUN/DATA2/2026/20260112_IPRT.fits,20260112_IPRT.fits,application/fits,18014.4,UTC,http://radio.gp.tohoku.ac.jp/sun_ql/plot/IPRT_SUN_20260112.gif,Tohoku University,10.1007/s11207-011-9919-y,SolarWind#Heliosphere,Solar radio bursts,AMATERAS,976562.0,976562.0
iprt_amateras_low_20260113_v1.0,IPRT AMATERAS Low Resolution Dataset,iprt_amateras_low_20260113_v1.0,ds,Sun,star,2461053.488912037,2461053.7468402777,1,1,1,1,100000000,500000000,976562.0,976562.0,500.0,100.0,none,Itate Observatory,IPRT,phot.flux.density;em.radio;phys.polarization,1,2026-04-07T11:12:20.243,2026-04-07T11:12:20.609,2026-04-07T11:12:20.609,iprt,http://radio.gp.tohoku.ac.jp/db/IPRT-SUN/DATA2/2026/20260113_IPRT.fits,20260113_IPRT.fits,application/fits,18210.24,UTC,http://radio.gp.tohoku.ac.jp/sun_ql/plot/IPRT_SUN_20260113.gif,Tohoku University,10.1007/s11207-011-9919-y,SolarWind#Heliosphere,Solar radio bursts,AMATERAS,976562.0,976562.0
iprt_amateras_low_20260114_v1.0,IPRT AMATERAS Low Resolution Dataset,iprt_amateras_low_20260114_v1.0,ds,Sun,star,2461054.4885069444,2461054.7477430557,1,1,1,1,100000000,500000000,976562.0,976562.0,500.0,100.0,none,Itate Observatory,IPRT,phot.flux.density;em.radio;phys.polarization,1,2026-04-07T11:12:20.617,2026-04-07T11:12:20.973,2026-04-07T11:12:20.973,iprt,http://radio.gp.tohoku.ac.jp/db/IPRT-SUN/DATA2/2026/20260114_IPRT.fits,20260114_IPRT.fits,application/fits,18308.16,UTC,http://radio.gp.tohoku.ac.jp/sun_ql/plot/IPRT_SUN_20260114.gif,Tohoku University,10.1007/s11207-011-9919-y,SolarWind#Heliosphere,Solar radio bursts,AMATERAS,976562.0,976562.0
iprt_amateras_low_20260115_v1.0,IPRT AMATERAS Low Resolution Dataset,iprt_amateras_low_20260115_v1.0,ds,Sun,star,2461055.487766204,2461055.74849537,1,1,1,1,100000000,500000000,976562.0,976562.0,500.0,100.0,none,Itate Observatory,IPRT,phot.flux.density;em.radio;phys.polarization,1,2026-04-07T11:12:20.983,2026-04-07T11:12:21.368,2026-04-07T11:12:21.368,iprt,http://radio.gp.tohoku.ac.jp/db/IPRT-SUN/DATA2/2026/20260115_IPRT.fits,20260115_IPRT.fits,application/fits,18408.96,UTC,http://radio.gp.tohoku.ac.jp/sun_ql/plot/IPRT_SUN_20260115.gif,Tohoku University,10.1007/s11207-011-9919-y,SolarWind#Heliosphere,Solar radio bursts,AMATERAS,976562.0,976562.0
iprt_amateras_low_20260116_v1.0,IPRT AMATERAS Low Resolution Dataset,iprt_amateras_low_20260116_v1.0,ds,Sun,star,2461056.4873263887,2461056.7493518516,1,1,1,1,100000000,500000000,976562.0,976562.0,500.0,100.0,none,Itate Observatory,IPRT,phot.flux.density;em.radio;phys.polarization,1,2026-04-07T11:12:21.377,2026-04-07T11:12:21.775,2026-04-07T11:12:21.775,iprt,http://radio.gp.tohoku.ac.jp/db/IPRT-SUN/DATA2/2026/20260116_IPRT.fits,20260116_IPRT.fits,application/fits,18506.88,UTC,http://radio.gp.tohoku.ac.jp/sun_ql/plot/IPRT_SUN_20260116.gif,Tohoku University,10.1007/s11207-011-9919-y,SolarWind#Heliosphere,Solar radio bursts,AMATERAS,976562.0,976562.0
iprt_amateras_low_20260117_v1.0,IPRT AMATERAS Low Resolution Dataset,iprt_amateras_low_20260117_v1.0,ds,Sun,star,2461057.4866087963,2461057.750335648,1,1,1,1,100000000,500000000,976562.0,976562.0,500.0,100.0,none,Itate Observatory,IPRT,phot.flux.density;em.radio;phys.polarization,1,2026-04-07T11:12:21.785,2026-04-07T11:12:22.249,2026-04-07T11:12:22.249,iprt,http://radio.gp.tohoku.ac.jp/db/IPRT-SUN/DATA2/2026/20260117_IPRT.fits,20260117_IPRT.fits,application/fits,18604.8,UTC,http://radio.gp.tohoku.ac.jp/sun_ql/plot/IPRT_SUN_20260117.gif,Tohoku University,10.1007/s11207-011-9919-y,SolarWind#Heliosphere,Solar radio bursts,AMATERAS,976562.0,976562.0
iprt_amateras_low_20260118_v1.0,IPRT AMATERAS Low Resolution Dataset,iprt_amateras_low_20260118_v1.0,ds,Sun,star,2461058.4861458335,2461058.7522685183,1,1,1,1,100000000,500000000,976562.0,976562.0,500.0,100.0,none,Itate Observatory,IPRT,phot.flux.density;em.radio;phys.polarization,1,2026-04-07T11:12:22.258,2026-04-07T11:12:22.649,2026-04-07T11:12:22.649,iprt,http://radio.gp.tohoku.ac.jp/db/IPRT-SUN/DATA2/2026/20260118_IPRT.fits,20260118_IPRT.fits,application/fits,18800.64,UTC,http://radio.gp.tohoku.ac.jp/sun_ql/plot/IPRT_SUN_20260118.gif,Tohoku University,10.1007/s11207-011-9919-y,SolarWind#Heliosphere,Solar radio bursts,AMATERAS,976562.0,976562.0
iprt_amateras_low_20260119_v1.0,IPRT AMATERAS Low Resolution Dataset,iprt_amateras_low_20260119_v1.0,ds,Sun,star,2461059.4855787037,2461059.753125,1,1,1,1,100000000,500000000,976562.0,976562.0,500.0,100.0,none,Itate Observatory,IPRT,phot.flux.density;em.radio;phys.polarization,1,2026-04-07T11:12:22.658,2026-04-07T11:12:23.092,2026-04-07T11:12:23.092,iprt,http://radio.gp.tohoku.ac.jp/db/IPRT-SUN/DATA2/2026/20260119_IPRT.fits,20260119_IPRT.fits,application/fits,18898.56,UTC,http://radio.gp.tohoku.ac.jp/sun_ql/plot/IPRT_SUN_20260119.gif,Tohoku University,10.1007/s11207-011-9919-y,SolarWind#Heliosphere,Solar radio bursts,AMATERAS,976562.0,976562.0
iprt_amateras_low_20260120_v1.0,IPRT AMATERAS Low Resolution Dataset,iprt_amateras_low_20260120_v1.0,ds,Sun,star,2461060.4847800927,2461060.75375,1,1,1,1,100000000,500000000,976562.0,976562.0,500.0,100.0,none,Itate Observatory,IPRT,phot.flux.density;em.radio;phys.polarization,1,2026-04-07T11:12:23.103,2026-04-07T11:12:23.509,2026-04-07T11:12:23.509,iprt,http://radio.gp.tohoku.ac.jp/db/IPRT-SUN/DATA2/2026/20260120_IPRT.fits,20260120_IPRT.fits,application/fits,18999.36,UTC,http://radio.gp.tohoku.ac.jp/sun_ql/plot/IPRT_SUN_20260120.gif,Tohoku University,10.1007/s11207-011-9919-y,SolarWind#Heliosphere,Solar radio bursts,AMATERAS,976562.0,976562.0
iprt_amateras_low_20260121_v1.0,IPRT AMATERAS Low Resolution Dataset,iprt_amateras_low_20260121_v1.0,ds,Sun,star,2461061.484178241,2461061.755902778,1,1,1,1,100000000,500000000,976562.0,976562.0,500.0,100.0,none,Itate Observatory,IPRT,phot.flux.density;em.radio;phys.polarization,1,2026-04-07T11:12:23.518,2026-04-07T11:12:23.957,2026-04-07T11:12:23.957,iprt,http://radio.gp.tohoku.ac.jp/db/IPRT-SUN/DATA2/2026/20260121_IPRT.fits,20260121_IPRT.fits,application/fits,19195.2,UTC,http://radio.gp.tohoku.ac.jp/sun_ql/plot/IPRT_SUN_20260121.gif,Tohoku University,10.1007/s11207-011-9919-y,SolarWind#Heliosphere,Solar radio bursts,AMATERAS,976562.0,976562.0
iprt_amateras_low_20260122_v1.0,IPRT AMATERAS Low Resolution Dataset,iprt_amateras_low_20260122_v1.0,ds,Sun,star,2461062.483449074,2461062.756712963,1,1,1,1,100000000,500000000,976562.0,976562.0,500.0,100.0,none,Itate Observatory,IPRT,phot.flux.density;em.radio;phys.polarization,1,2026-04-07T11:12:23.966,2026-04-07T11:12:24.368,2026-04-07T11:12:24.368,iprt,http://radio.gp.tohoku.ac.jp/db/IPRT-SUN/DATA2/2026/20260122_IPRT.fits,20260122_IPRT.fits,application/fits,19293.12,UTC,http://radio.gp.tohoku.ac.jp/sun_ql/plot/IPRT_SUN_20260122.gif,Tohoku University,10.1007/s11207-011-9919-y,SolarWind#Heliosphere,Solar radio bursts,AMATERAS,976562.0,976562.0
iprt_amateras_low_20260123_v1.0,IPRT AMATERAS Low Resolution Dataset,iprt_amateras_low_20260123_v1.0,ds,Sun,star,2461063.4827199075,2461063.7573263887,1,1,1,1,100000000,500000000,976562.0,976562.0,500.0,100.0,none,Itate Observatory,IPRT,phot.flux.density;em.radio;phys.polarization,1,2026-04-07T11:12:24.379,2026-04-07T11:12:24.759,2026-04-07T11:12:24.759,iprt,http://radio.gp.tohoku.ac.jp/db/IPRT-SUN/DATA2/2026/20260123_IPRT.fits,20260123_IPRT.fits,application/fits,19391.04,UTC,http://radio.gp.tohoku.ac.jp/sun_ql/plot/IPRT_SUN_20260123.gif,Tohoku University,10.1007/s11207-011-9919-y,SolarWind#Heliosphere,Solar radio bursts,AMATERAS,976562.0,976562.0
iprt_amateras_low_20260124_v1.0,IPRT AMATERAS Low Resolution Dataset,iprt_amateras_low_20260124_v1.0,ds,Sun,star,2461064.4817824075,2461064.7594097224,1,1,1,1,100000000,500000000,976562.0,976562.0,500.0,100.0,none,Itate Observatory,IPRT,phot.flux.density;em.radio;phys.polarization,1,2026-04-07T11:12:24.768,2026-04-07T11:12:25.186,2026-04-07T11:12:25.186,iprt,http://radio.gp.tohoku.ac.jp/db/IPRT-SUN/DATA2/2026/20260124_IPRT.fits,20260124_IPRT.fits,application/fits,19589.76,UTC,http://radio.gp.tohoku.ac.jp/sun_ql/plot/IPRT_SUN_20260124.gif,Tohoku University,10.1007/s11207-011-9919-y,SolarWind#Heliosphere,Solar radio bursts,AMATERAS,976562.0,976562.0
iprt_amateras_low_20260125_v1.0,IPRT AMATERAS Low Resolution Dataset,iprt_amateras_low_20260125_v1.0,ds,Sun,star,2461065.4811689816,2461065.759861111,1,1,1,1,100000000,500000000,976562.0,976562.0,500.0,100.0,none,Itate Observatory,IPRT,phot.flux.density;em.radio;phys.polarization,1,2026-04-07T11:12:25.195,2026-04-07T11:12:25.637,2026-04-07T11:12:25.637,iprt,http://radio.gp.tohoku.ac.jp/db/IPRT-SUN/DATA2/2026/20260125_IPRT.fits,20260125_IPRT.fits,application/fits,19687.68,UTC,http://radio.gp.tohoku.ac.jp/sun_ql/plot/IPRT_SUN_20260125.gif,Tohoku University,10.1007/s11207-011-9919-y,SolarWind#Heliosphere,Solar radio bursts,AMATERAS,976562.0,976562.0
iprt_amateras_low_20260126_v1.0,IPRT AMATERAS Low Resolution Dataset,iprt_amateras_low_20260126_v1.0,ds,Sun,star,2461066.480208333,2461066.7616782407,1,1,1,1,100000000,500000000,976562.0,976562.0,500.0,100.0,none,Itate Observatory,IPRT,phot.flux.density;em.radio;phys.polarization,1,2026-04-07T11:12:25.647,2026-04-07T11:12:26.105,2026-04-07T11:12:26.105,iprt,http://radio.gp.tohoku.ac.jp/db/IPRT-SUN/DATA2/2026/20260126_IPRT.fits,20260126_IPRT.fits,application/fits,19883.52,UTC,http://radio.gp.tohoku.ac.jp/sun_ql/plot/IPRT_SUN_20260126.gif,Tohoku University,10.1007/s11207-011-9919-y,SolarWind#Heliosphere,Solar radio bursts,AMATERAS,976562.0,976562.0
iprt_amateras_low_20260127_v1.0,IPRT AMATERAS Low Resolution Dataset,iprt_amateras_low_20260127_v1.0,ds,Sun,star,2461067.479525463,2461067.762361111,1,1,1,1,100000000,500000000,976562.0,976562.0,500.0,100.0,none,Itate Observatory,IPRT,phot.flux.density;em.radio;phys.polarization,1,2026-04-07T11:12:26.115,2026-04-07T11:12:26.502,2026-04-07T11:12:26.502,iprt,http://radio.gp.tohoku.ac.jp/db/IPRT-SUN/DATA2/2026/20260127_IPRT.fits,20260127_IPRT.fits,application/fits,19981.44,UTC,http://radio.gp.tohoku.ac.jp/sun_ql/plot/IPRT_SUN_20260127.gif,Tohoku University,10.1007/s11207-011-9919-y,SolarWind#Heliosphere,Solar radio bursts,AMATERAS,976562.0,976562.0
iprt_amateras_low_20260128_v1.0,IPRT AMATERAS Low Resolution Dataset,iprt_amateras_low_20260128_v1.0,ds,Sun,star,2461068.4786805557,2461068.762928241,1,1,1,1,100000000,500000000,976562.0,976562.0,500.0,100.0,none,Itate Observatory,IPRT,phot.flux.density;em.radio;phys.polarization,1,2026-04-07T11:12:26.510,2026-04-07T11:12:26.927,2026-04-07T11:12:26.927,iprt,http://radio.gp.tohoku.ac.jp/db/IPRT-SUN/DATA2/2026/20260128_IPRT.fits,20260128_IPRT.fits,application/fits,20079.36,UTC,http://radio.gp.tohoku.ac.jp/sun_ql/plot/IPRT_SUN_20260128.gif,Tohoku University,10.1007/s11207-011-9919-y,SolarWind#Heliosphere,Solar radio bursts,AMATERAS,976562.0,976562.0
iprt_amateras_low_20260129_v1.0,IPRT AMATERAS Low Resolution Dataset,iprt_amateras_low_20260129_v1.0,ds,Sun,star,2461069.477708333,2461069.7636574074,1,1,1,1,100000000,500000000,976562.0,976562.0,500.0,100.0,none,Itate Observatory,IPRT,phot.flux.density;em.radio;phys.polarization,1,2026-04-07T11:12:26.937,2026-04-07T11:12:27.420,2026-04-07T11:12:27.420,iprt,http://radio.gp.tohoku.ac.jp/db/IPRT-SUN/DATA2/2026/20260129_IPRT.fits,20260129_IPRT.fits,application/fits,20180.16,UTC,http://radio.gp.tohoku.ac.jp/sun_ql/plot/IPRT_SUN_20260129.gif,Tohoku University,10.1007/s11207-011-9919-y,SolarWind#Heliosphere,Solar radio bursts,AMATERAS,976562.0,976562.0
iprt_amateras_low_20260130_v1.0,IPRT AMATERAS Low Resolution Dataset,iprt_amateras_low_20260130_v1.0,ds,Sun,star,2461070.4768518517,2461070.7656712965,1,1,1,1,100000000,500000000,976562.0,976562.0,500.0,100.0,none,Itate Observatory,IPRT,phot.flux.density;em.radio;phys.polarization,1,2026-04-07T11:12:27.427,2026-04-07T11:12:27.896,2026-04-07T11:12:27.896,iprt,http://radio.gp.tohoku.ac.jp/db/IPRT-SUN/DATA2/2026/20260130_IPRT.fits,20260130_IPRT.fits,application/fits,20376.0,UTC,http://radio.gp.tohoku.ac.jp/sun_ql/plot/IPRT_SUN_20260130.gif,Tohoku University,10.1007/s11207-011-9919-y,SolarWind#Heliosphere,Solar radio bursts,AMATERAS,976562.0,976562.0
iprt_amateras_low_20260131_v1.0,IPRT AMATERAS Low Resolution Dataset,iprt_amateras_low_20260131_v1.0,ds,Sun,star,2461071.4759143516,2461071.767175926,1,1,1,1,100000000,500000000,976562.0,976562.0,500.0,100.0,none,Itate Observatory,IPRT,phot.flux.density;em.radio;phys.polarization,1,2026-04-07T11:12:27.905,2026-04-07T11:12:28.361,2026-04-07T11:12:28.361,iprt,http://radio.gp.tohoku.ac.jp/db/IPRT-SUN/DATA2/2026/20260131_IPRT.fits,20260131_IPRT.fits,application/fits,20571.84,UTC,http://radio.gp.tohoku.ac.jp/sun_ql/plot/IPRT_SUN_20260131.gif,Tohoku University,10.1007/s11207-011-9919-y,SolarWind#Heliosphere,Solar radio bursts,AMATERAS,976562.0,976562.0
iprt_amateras_low_20260201_v1.0,IPRT AMATERAS Low Resolution Dataset,iprt_amateras_low_20260201_v1.0,ds,Sun,star,2461072.474976852,2461072.7676388887,1,1,1,1,100000000,500000000,976562.0,976562.0,500.0,100.0,none,Itate Observatory,IPRT,phot.flux.density;em.radio;phys.polarization,1,2026-04-07T11:12:28.371,2026-04-07T11:12:28.785,2026-04-07T11:12:28.785,iprt,http://radio.gp.tohoku.ac.jp/db/IPRT-SUN/DATA2/2026/20260201_IPRT.fits,20260201_IPRT.fits,application/fits,20669.76,UTC,http://radio.gp.tohoku.ac.jp/sun_ql/plot/IPRT_SUN_20260201.gif,Tohoku University,10.1007/s11207-011-9919-y,SolarWind#Heliosphere,Solar radio bursts,AMATERAS,976562.0,976562.0
iprt_amateras_low_20260202_v1.0,IPRT AMATERAS Low Resolution Dataset,iprt_amateras_low_20260202_v1.0,ds,Sun,star,2461073.474108796,2461073.7695486112,1,1,1,1,100000000,500000000,976562.0,976562.0,500.0,100.0,none,Itate Observatory,IPRT,phot.flux.density;em.radio;phys.polarization,1,2026-04-07T11:12:28.794,2026-04-07T11:12:29.228,2026-04-07T11:12:29.228,iprt,http://radio.gp.tohoku.ac.jp/db/IPRT-SUN/DATA2/2026/20260202_IPRT.fits,20260202_IPRT.fits,application/fits,20868.48,UTC,http://radio.gp.tohoku.ac.jp/sun_ql/plot/IPRT_SUN_20260202.gif,Tohoku University,10.1007/s11207-011-9919-y,SolarWind#Heliosphere,Solar radio bursts,AMATERAS,976562.0,976562.0
iprt_amateras_low_20260203_v1.0,IPRT AMATERAS Low Resolution Dataset,iprt_amateras_low_20260203_v1.0,ds,Sun,star,2461074.473136574,2461074.7699537035,1,1,1,1,100000000,500000000,976562.0,976562.0,500.0,100.0,none,Itate Observatory,IPRT,phot.flux.density;em.radio;phys.polarization,1,2026-04-07T11:12:29.237,2026-04-07T11:12:29.670,2026-04-07T11:12:29.670,iprt,http://radio.gp.tohoku.ac.jp/db/IPRT-SUN/DATA2/2026/20260203_IPRT.fits,20260203_IPRT.fits,application/fits,20966.4,UTC,http://radio.gp.tohoku.ac.jp/sun_ql/plot/IPRT_SUN_20260203.gif,Tohoku University,10.1007/s11207-011-9919-y,SolarWind#Heliosphere,Solar radio bursts,AMATERAS,976562.0,976562.0
iprt_amateras_low_20260204_v1.0,IPRT AMATERAS Low Resolution Dataset,iprt_amateras_low_20260204_v1.0,ds,Sun,star,2461075.4721296295,2461075.7717708335,1,1,1,1,100000000,500000000,976562.0,976562.0,500.0,100.0,none,Itate Observatory,IPRT,phot.flux.density;em.radio;phys.polarization,1,2026-04-07T11:12:29.681,2026-04-07T11:12:30.145,2026-04-07T11:12:30.145,iprt,http://radio.gp.tohoku.ac.jp/db/IPRT-SUN/DATA2/2026/20260204_IPRT.fits,20260204_IPRT.fits,application/fits,21162.24,UTC,http://radio.gp.tohoku.ac.jp/sun_ql/plot/IPRT_SUN_20260204.gif,Tohoku University,10.1007/s11207-011-9919-y,SolarWind#Heliosphere,Solar radio bursts,AMATERAS,976562.0,976562.0
iprt_amateras_low_20260205_v1.0,IPRT AMATERAS Low Resolution Dataset,iprt_amateras_low_20260205_v1.0,ds,Sun,star,2461076.471087963,2461076.7722337963,1,1,1,1,100000000,500000000,976562.0,976562.0,500.0,100.0,none,Itate Observatory,IPRT,phot.flux.density;em.radio;phys.polarization,1,2026-04-07T11:12:30.154,2026-04-07T11:12:30.610,2026-04-07T11:12:30.610,iprt,http://radio.gp.tohoku.ac.jp/db/IPRT-SUN/DATA2/2026/20260205_IPRT.fits,20260205_IPRT.fits,application/fits,21260.16,UTC,http://radio.gp.tohoku.ac.jp/sun_ql/plot/IPRT_SUN_20260205.gif,Tohoku University,10.1007/s11207-011-9919-y,SolarWind#Heliosphere,Solar radio bursts,AMATERAS,976562.0,976562.0
iprt_amateras_low_20260206_v1.0,IPRT AMATERAS Low Resolution Dataset,iprt_amateras_low_20260206_v1.0,ds,Sun,star,2461077.470115741,2461077.7739583333,1,1,1,1,100000000,500000000,976562.0,976562.0,500.0,100.0,none,Itate Observatory,IPRT,phot.flux.density;em.radio;phys.polarization,1,2026-04-07T11:12:30.620,2026-04-07T11:12:31.097,2026-04-07T11:12:31.097,iprt,http://radio.gp.tohoku.ac.jp/db/IPRT-SUN/DATA2/2026/20260206_IPRT.fits,20260206_IPRT.fits,application/fits,21458.88,UTC,http://radio.gp.tohoku.ac.jp/sun_ql/plot/IPRT_SUN_20260206.gif,Tohoku University,10.1007/s11207-011-9919-y,SolarWind#Heliosphere,Solar radio bursts,AMATERAS,976562.0,976562.0
iprt_amateras_low_20260207_v1.0,IPRT AMATERAS Low Resolution Dataset,iprt_amateras_low_20260207_v1.0,ds,Sun,star,2461078.4692245373,2461078.774583333,1,1,1,1,100000000,500000000,976562.0,976562.0,500.0,100.0,none,Itate Observatory,IPRT,phot.flux.density;em.radio;phys.polarization,1,2026-04-07T11:12:31.107,2026-04-07T11:12:31.562,2026-04-07T11:12:31.562,iprt,http://radio.gp.tohoku.ac.jp/db/IPRT-SUN/DATA2/2026/20260207_IPRT.fits,20260207_IPRT.fits,application/fits,21458.88,UTC,http://radio.gp.tohoku.ac.jp/sun_ql/plot/IPRT_SUN_20260207.gif,Tohoku University,10.1007/s11207-011-9919-y,SolarWind#Heliosphere,Solar radio bursts,AMATERAS,976562.0,976562.0
iprt_amateras_low_20260208_v1.0,IPRT AMATERAS Low Resolution Dataset,iprt_amateras_low_20260208_v1.0,ds,Sun,star,2461079.4680439816,2461079.776099537,1,1,1,1,100000000,500000000,976562.0,976562.0,500.0,100.0,none,Itate Observatory,IPRT,phot.flux.density;em.radio;phys.polarization,1,2026-04-07T11:12:31.571,2026-04-07T11:12:32.059,2026-04-07T11:12:32.059,iprt,http://radio.gp.tohoku.ac.jp/db/IPRT-SUN/DATA2/2026/20260208_IPRT.fits,20260208_IPRT.fits,application/fits,21752.64,UTC,http://radio.gp.tohoku.ac.jp/sun_ql/plot/IPRT_SUN_20260208.gif,Tohoku University,10.1007/s11207-011-9919-y,SolarWind#Heliosphere,Solar radio bursts,AMATERAS,976562.0,976562.0
iprt_amateras_low_20260209_v1.0,IPRT AMATERAS Low Resolution Dataset,iprt_amateras_low_20260209_v1.0,ds,Sun,star,2461080.467164352,2461080.777175926,1,1,1,1,100000000,500000000,976562.0,976562.0,500.0,100.0,none,Itate Observatory,IPRT,phot.flux.density;em.radio;phys.polarization,1,2026-04-07T11:12:32.067,2026-04-07T11:12:32.526,2026-04-07T11:12:32.526,iprt,http://radio.gp.tohoku.ac.jp/db/IPRT-SUN/DATA2/2026/20260209_IPRT.fits,20260209_IPRT.fits,application/fits,21850.56,UTC,http://radio.gp.tohoku.ac.jp/sun_ql/plot/IPRT_SUN_20260209.gif,Tohoku University,10.1007/s11207-011-9919-y,SolarWind#Heliosphere,Solar radio bursts,AMATERAS,976562.0,976562.0
iprt_amateras_low_20260210_v1.0,IPRT AMATERAS Low Resolution Dataset,iprt_amateras_low_20260210_v1.0,ds,Sun,star,2461081.4659953704,2461081.778576389,1,1,1,1,100000000,500000000,976562.0,976562.0,500.0,100.0,none,Itate Observatory,IPRT,phot.flux.density;em.radio;phys.polarization,1,2026-04-07T11:12:32.537,2026-04-07T11:12:32.975,2026-04-07T11:12:32.975,iprt,http://radio.gp.tohoku.ac.jp/db/IPRT-SUN/DATA2/2026/20260210_IPRT.fits,20260210_IPRT.fits,application/fits,22049.28,UTC,http://radio.gp.tohoku.ac.jp/sun_ql/plot/IPRT_SUN_20260210.gif,Tohoku University,10.1007/s11207-011-9919-y,SolarWind#Heliosphere,Solar radio bursts,AMATERAS,976562.0,976562.0
iprt_amateras_low_20260211_v1.0,IPRT AMATERAS Low Resolution Dataset,iprt_amateras_low_20260211_v1.0,ds,Sun,star,2461082.4648495372,2461082.778414352,1,1,1,1,100000000,500000000,976562.0,976562.0,500.0,100.0,none,Itate Observatory,IPRT,phot.flux.density;em.radio;phys.polarization,1,2026-04-07T11:12:32.983,2026-04-07T11:12:33.466,2026-04-07T11:12:33.466,iprt,http://radio.gp.tohoku.ac.jp/db/IPRT-SUN/DATA2/2026/20260211_IPRT.fits,20260211_IPRT.fits,application/fits,22147.2,UTC,http://radio.gp.tohoku.ac.jp/sun_ql/plot/IPRT_SUN_20260211.gif,Tohoku University,10.1007/s11207-011-9919-y,SolarWind#Heliosphere,Solar radio bursts,AMATERAS,976562.0,976562.0
iprt_amateras_low_20260212_v1.0,IPRT AMATERAS Low Resolution Dataset,iprt_amateras_low_20260212_v1.0,ds,Sun,star,2461083.463923611,2461083.7805555556,1,1,1,1,100000000,500000000,976562.0,976562.0,500.0,100.0,none,Itate Observatory,IPRT,phot.flux.density;em.radio;phys.polarization,1,2026-04-07T11:12:33.474,2026-04-07T11:12:33.975,2026-04-07T11:12:33.975,iprt,http://radio.gp.tohoku.ac.jp/db/IPRT-SUN/DATA2/2026/20260212_IPRT.fits,20260212_IPRT.fits,application/fits,22343.04,UTC,http://radio.gp.tohoku.ac.jp/sun_ql/plot/IPRT_SUN_20260212.gif,Tohoku University,10.1007/s11207-011-9919-y,SolarWind#Heliosphere,Solar radio bursts,AMATERAS,976562.0,976562.0
iprt_amateras_low_20260213_v1.0,IPRT AMATERAS Low Resolution Dataset,iprt_amateras_low_20260213_v1.0,ds,Sun,star,2461084.462858796,2461084.780625,1,1,1,1,100000000,500000000,976562.0,976562.0,500.0,100.0,none,Itate Observatory,IPRT,phot.flux.density;em.radio;phys.polarization,1,2026-04-07T11:12:33.985,2026-04-07T11:12:34.440,2026-04-07T11:12:34.440,iprt,http://radio.gp.tohoku.ac.jp/db/IPRT-SUN/DATA2/2026/20260213_IPRT.fits,20260213_IPRT.fits,application/fits,22440.96,UTC,http://radio.gp.tohoku.ac.jp/sun_ql/plot/IPRT_SUN_20260213.gif,Tohoku University,10.1007/s11207-011-9919-y,SolarWind#Heliosphere,Solar radio bursts,AMATERAS,976562.0,976562.0
iprt_amateras_low_20260214_v1.0,IPRT AMATERAS Low Resolution Dataset,iprt_amateras_low_20260214_v1.0,ds,Sun,star,2461085.461689815,2461085.7822569446,1,1,1,1,100000000,500000000,976562.0,976562.0,500.0,100.0,none,Itate Observatory,IPRT,phot.flux.density;em.radio;phys.polarization,1,2026-04-07T11:12:34.449,2026-04-07T11:12:34.890,2026-04-07T11:12:34.890,iprt,http://radio.gp.tohoku.ac.jp/db/IPRT-SUN/DATA2/2026/20260214_IPRT.fits,20260214_IPRT.fits,application/fits,22639.68,UTC,http://radio.gp.tohoku.ac.jp/sun_ql/plot/IPRT_SUN_20260214.gif,Tohoku University,10.1007/s11207-011-9919-y,SolarWind#Heliosphere,Solar radio bursts,AMATERAS,976562.0,976562.0
iprt_amateras_low_20260215_v1.0,IPRT AMATERAS Low Resolution Dataset,iprt_amateras_low_20260215_v1.0,ds,Sun,star,2461086.4608101854,2461086.7828587964,1,1,1,1,100000000,500000000,976562.0,976562.0,500.0,100.0,none,Itate Observatory,IPRT,phot.flux.density;em.radio;phys.polarization,1,2026-04-07T11:12:34.899,2026-04-07T11:12:35.396,2026-04-07T11:12:35.396,iprt,http://radio.gp.tohoku.ac.jp/db/IPRT-SUN/DATA2/2026/20260215_IPRT.fits,20260215_IPRT.fits,application/fits,22737.6,UTC,http://radio.gp.tohoku.ac.jp/sun_ql/plot/IPRT_SUN_20260215.gif,Tohoku University,10.1007/s11207-011-9919-y,SolarWind#Heliosphere,Solar radio bursts,AMATERAS,976562.0,976562.0
iprt_amateras_low_20260216_v1.0,IPRT AMATERAS Low Resolution Dataset,iprt_amateras_low_20260216_v1.0,ds,Sun,star,2461087.4596180557,2461087.784328704,1,1,1,1,100000000,500000000,976562.0,976562.0,500.0,100.0,none,Itate Observatory,IPRT,phot.flux.density;em.radio;phys.polarization,1,2026-04-07T11:12:35.407,2026-04-07T11:12:35.911,2026-04-07T11:12:35.911,iprt,http://radio.gp.tohoku.ac.jp/db/IPRT-SUN/DATA2/2026/20260216_IPRT.fits,20260216_IPRT.fits,application/fits,22933.44,UTC,http://radio.gp.tohoku.ac.jp/sun_ql/plot/IPRT_SUN_20260216.gif,Tohoku University,10.1007/s11207-011-9919-y,SolarWind#Heliosphere,Solar radio bursts,AMATERAS,976562.0,976562.0
iprt_amateras_low_20260217_v1.0,IPRT AMATERAS Low Resolution Dataset,iprt_amateras_low_20260217_v1.0,ds,Sun,star,2461088.458425926,2461088.785960648,1,1,1,1,100000000,500000000,976562.0,976562.0,500.0,100.0,none,Itate Observatory,IPRT,phot.flux.density;em.radio;phys.polarization,1,2026-04-07T11:12:35.922,2026-04-07T11:12:36.416,2026-04-07T11:12:36.416,iprt,http://radio.gp.tohoku.ac.jp/db/IPRT-SUN/DATA2/2026/20260217_IPRT.fits,20260217_IPRT.fits,application/fits,23132.16,UTC,http://radio.gp.tohoku.ac.jp/sun_ql/plot/IPRT_SUN_20260217.gif,Tohoku University,10.1007/s11207-011-9919-y,SolarWind#Heliosphere,Solar radio bursts,AMATERAS,976562.0,976562.0
iprt_amateras_low_20260218_v1.0,IPRT AMATERAS Low Resolution Dataset,iprt_amateras_low_20260218_v1.0,ds,Sun,star,2461089.457349537,2461089.7863078704,1,1,1,1,100000000,500000000,976562.0,976562.0,500.0,100.0,none,Itate Observatory,IPRT,phot.flux.density;em.radio;phys.polarization,1,2026-04-07T11:12:36.427,2026-04-07T11:12:36.923,2026-04-07T11:12:36.923,iprt,http://radio.gp.tohoku.ac.jp/db/IPRT-SUN/DATA2/2026/20260218_IPRT.fits,20260218_IPRT.fits,application/fits,23230.08,UTC,http://radio.gp.tohoku.ac.jp/sun_ql/plot/IPRT_SUN_20260218.gif,Tohoku University,10.1007/s11207-011-9919-y,SolarWind#Heliosphere,Solar radio bursts,AMATERAS,976562.0,976562.0
iprt_amateras_low_20260219_v1.0,IPRT AMATERAS Low Resolution Dataset,iprt_amateras_low_20260219_v1.0,ds,Sun,star,2461090.456203704,2461090.787962963,1,1,1,1,100000000,500000000,976562.0,976562.0,500.0,100.0,none,Itate Observatory,IPRT,phot.flux.density;em.radio;phys.polarization,1,2026-04-07T11:12:36.954,2026-04-07T11:12:37.401,2026-04-07T11:12:37.401,iprt,http://radio.gp.tohoku.ac.jp/db/IPRT-SUN/DATA2/2026/20260219_IPRT.fits,20260219_IPRT.fits,application/fits,23425.92,UTC,http://radio.gp.tohoku.ac.jp/sun_ql/plot/IPRT_SUN_20260219.gif,Tohoku University,10.1007/s11207-011-9919-y,SolarWind#Heliosphere,Solar radio bursts,AMATERAS,976562.0,976562.0
iprt_amateras_low_20260220_v1.0,IPRT AMATERAS Low Resolution Dataset,iprt_amateras_low_20260220_v1.0,ds,Sun,star,2461091.455011574,2461091.788148148,1,1,1,1,100000000,500000000,976562.0,976562.0,500.0,100.0,none,Itate Observatory,IPRT,phot.flux.density;em.radio;phys.polarization,1,2026-04-07T11:12:37.409,2026-04-07T11:12:37.867,2026-04-07T11:12:37.867,iprt,http://radio.gp.tohoku.ac.jp/db/IPRT-SUN/DATA2/2026/20260220_IPRT.fits,20260220_IPRT.fits,application/fits,23523.84,UTC,http://radio.gp.tohoku.ac.jp/sun_ql/plot/IPRT_SUN_20260220.gif,Tohoku University,10.1007/s11207-011-9919-y,SolarWind#Heliosphere,Solar radio bursts,AMATERAS,976562.0,976562.0
iprt_amateras_low_20260221_v1.0,IPRT AMATERAS Low Resolution Dataset,iprt_amateras_low_20260221_v1.0,ds,Sun,star,2461092.4538310184,2461092.7897453704,1,1,1,1,100000000,500000000,976562.0,976562.0,500.0,100.0,none,Itate Observatory,IPRT,phot.flux.density;em.radio;phys.polarization,1,2026-04-07T11:12:37.881,2026-04-07T11:12:38.364,2026-04-07T11:12:38.364,iprt,http://radio.gp.tohoku.ac.jp/db/IPRT-SUN/DATA2/2026/20260221_IPRT.fits,20260221_IPRT.fits,application/fits,23722.56,UTC,http://radio.gp.tohoku.ac.jp/sun_ql/plot/IPRT_SUN_20260221.gif,Tohoku University,10.1007/s11207-011-9919-y,SolarWind#Heliosphere,Solar radio bursts,AMATERAS,976562.0,976562.0
iprt_amateras_low_20260222_v1.0,IPRT AMATERAS Low Resolution Dataset,iprt_amateras_low_20260222_v1.0,ds,Sun,star,2461093.4528125,2461093.790625,1,1,1,1,100000000,500000000,976562.0,976562.0,500.0,100.0,none,Itate Observatory,IPRT,phot.flux.density;em.radio;phys.polarization,1,2026-04-07T11:12:38.374,2026-04-07T11:12:38.830,2026-04-07T11:12:38.830,iprt,http://radio.gp.tohoku.ac.jp/db/IPRT-SUN/DATA2/2026/20260222_IPRT.fits,20260222_IPRT.fits,application/fits,23820.48,UTC,http://radio.gp.tohoku.ac.jp/sun_ql/plot/IPRT_SUN_20260222.gif,Tohoku University,10.1007/s11207-011-9919-y,SolarWind#Heliosphere,Solar radio bursts,AMATERAS,976562.0,976562.0
iprt_amateras_low_20260223_v1.0,IPRT AMATERAS Low Resolution Dataset,iprt_amateras_low_20260223_v1.0,ds,Sun,star,2461094.451585648,2461094.7916319445,1,1,1,1,100000000,500000000,976562.0,976562.0,500.0,100.0,none,Itate Observatory,IPRT,phot.flux.density;em.radio;phys.polarization,1,2026-04-07T11:12:38.839,2026-04-07T11:12:39.367,2026-04-07T11:12:39.367,iprt,http://radio.gp.tohoku.ac.jp/db/IPRT-SUN/DATA2/2026/20260223_IPRT.fits,20260223_IPRT.fits,application/fits,24016.32,UTC,http://radio.gp.tohoku.ac.jp/sun_ql/plot/IPRT_SUN_20260223.gif,Tohoku University,10.1007/s11207-011-9919-y,SolarWind#Heliosphere,Solar radio bursts,AMATERAS,976562.0,976562.0
iprt_amateras_low_20260224_v1.0,IPRT AMATERAS Low Resolution Dataset,iprt_amateras_low_20260224_v1.0,ds,Sun,star,2461095.450428241,2461095.7919791667,1,1,1,1,100000000,500000000,976562.0,976562.0,500.0,100.0,none,Itate Observatory,IPRT,phot.flux.density;em.radio;phys.polarization,1,2026-04-07T11:12:39.377,2026-04-07T11:12:39.929,2026-04-07T11:12:39.929,iprt,http://radio.gp.tohoku.ac.jp/db/IPRT-SUN/DATA2/2026/20260224_IPRT.fits,20260224_IPRT.fits,application/fits,24114.24,UTC,http://radio.gp.tohoku.ac.jp/sun_ql/plot/IPRT_SUN_20260224.gif,Tohoku University,10.1007/s11207-011-9919-y,SolarWind#Heliosphere,Solar radio bursts,AMATERAS,976562.0,976562.0
iprt_amateras_low_20260226_v1.0,IPRT AMATERAS Low Resolution Dataset,iprt_amateras_low_20260226_v1.0,ds,Sun,star,2461097.4702199074,2461097.795023148,1,1,1,1,100000000,500000000,976562.0,976562.0,500.0,100.0,none,Itate Observatory,IPRT,phot.flux.density;em.radio;phys.polarization,1,2026-04-07T11:12:39.938,2026-04-07T11:12:40.400,2026-04-07T11:12:40.400,iprt,http://radio.gp.tohoku.ac.jp/db/IPRT-SUN/DATA2/2026/20260226_IPRT.fits,20260226_IPRT.fits,application/fits,22933.44,UTC,http://radio.gp.tohoku.ac.jp/sun_ql/plot/IPRT_SUN_20260226.gif,Tohoku University,10.1007/s11207-011-9919-y,SolarWind#Heliosphere,Solar radio bursts,AMATERAS,976562.0,976562.0
iprt_amateras_low_20260227_v1.0,IPRT AMATERAS Low Resolution Dataset,iprt_amateras_low_20260227_v1.0,ds,Sun,star,2461098.447037037,2461098.7955439813,1,1,1,1,100000000,500000000,976562.0,976562.0,500.0,100.0,none,Itate Observatory,IPRT,phot.flux.density;em.radio;phys.polarization,1,2026-04-07T11:12:40.410,2026-04-07T11:12:40.938,2026-04-07T11:12:40.938,iprt,http://radio.gp.tohoku.ac.jp/db/IPRT-SUN/DATA2/2026/20260227_IPRT.fits,20260227_IPRT.fits,application/fits,24606.72,UTC,http://radio.gp.tohoku.ac.jp/sun_ql/plot/IPRT_SUN_20260227.gif,Tohoku University,10.1007/s11207-011-9919-y,SolarWind#Heliosphere,Solar radio bursts,AMATERAS,976562.0,976562.0
iprt_amateras_low_20260228_v1.0,IPRT AMATERAS Low Resolution Dataset,iprt_amateras_low_20260228_v1.0,ds,Sun,star,2461099.445775463,2461099.796666667,1,1,1,1,100000000,500000000,976562.0,976562.0,500.0,100.0,none,Itate Observatory,IPRT,phot.flux.density;em.radio;phys.polarization,1,2026-04-07T11:12:40.947,2026-04-07T11:12:41.432,2026-04-07T11:12:41.432,iprt,http://radio.gp.tohoku.ac.jp/db/IPRT-SUN/DATA2/2026/20260228_IPRT.fits,20260228_IPRT.fits,application/fits,24704.64,UTC,http://radio.gp.tohoku.ac.jp/sun_ql/plot/IPRT_SUN_20260228.gif,Tohoku University,10.1007/s11207-011-9919-y,SolarWind#Heliosphere,Solar radio bursts,AMATERAS,976562.0,976562.0
iprt_amateras_low_20260301_v1.0,IPRT AMATERAS Low Resolution Dataset,iprt_amateras_low_20260301_v1.0,ds,Sun,star,2461100.4447800927,2461100.7973032407,1,1,1,1,100000000,500000000,976562.0,976562.0,500.0,100.0,none,Itate Observatory,IPRT,phot.flux.density;em.radio;phys.polarization,1,2026-04-07T11:12:41.443,2026-04-07T11:12:41.931,2026-04-07T11:12:41.931,iprt,http://radio.gp.tohoku.ac.jp/db/IPRT-SUN/DATA2/2026/20260301_IPRT.fits,20260301_IPRT.fits,application/fits,24903.36,UTC,http://radio.gp.tohoku.ac.jp/sun_ql/plot/IPRT_SUN_20260301.gif,Tohoku University,10.1007/s11207-011-9919-y,SolarWind#Heliosphere,Solar radio bursts,AMATERAS,976562.0,976562.0
iprt_amateras_low_20260302_v1.0,IPRT AMATERAS Low Resolution Dataset,iprt_amateras_low_20260302_v1.0,ds,Sun,star,2461101.4434953704,2461101.7974189813,1,1,1,1,100000000,500000000,976562.0,976562.0,500.0,100.0,none,Itate Observatory,IPRT,phot.flux.density;em.radio;phys.polarization,1,2026-04-07T11:12:41.942,2026-04-07T11:12:42.461,2026-04-07T11:12:42.461,iprt,http://radio.gp.tohoku.ac.jp/db/IPRT-SUN/DATA2/2026/20260302_IPRT.fits,20260302_IPRT.fits,application/fits,25001.28,UTC,http://radio.gp.tohoku.ac.jp/sun_ql/plot/IPRT_SUN_20260302.gif,Tohoku University,10.1007/s11207-011-9919-y,SolarWind#Heliosphere,Solar radio bursts,AMATERAS,976562.0,976562.0
iprt_amateras_low_20260303_v1.0,IPRT AMATERAS Low Resolution Dataset,iprt_amateras_low_20260303_v1.0,ds,Sun,star,2461102.4424189813,2461102.7992708334,1,1,1,1,100000000,500000000,976562.0,976562.0,500.0,100.0,none,Itate Observatory,IPRT,phot.flux.density;em.radio;phys.polarization,1,2026-04-07T11:12:42.482,2026-04-07T11:12:42.992,2026-04-07T11:12:42.992,iprt,http://radio.gp.tohoku.ac.jp/db/IPRT-SUN/DATA2/2026/20260303_IPRT.fits,20260303_IPRT.fits,application/fits,25197.12,UTC,http://radio.gp.tohoku.ac.jp/sun_ql/plot/IPRT_SUN_20260303.gif,Tohoku University,10.1007/s11207-011-9919-y,SolarWind#Heliosphere,Solar radio bursts,AMATERAS,976562.0,976562.0
iprt_amateras_low_20260304_v1.0,IPRT AMATERAS Low Resolution Dataset,iprt_amateras_low_20260304_v1.0,ds,Sun,star,2461103.44125,2461103.799386574,1,1,1,1,100000000,500000000,976562.0,976562.0,500.0,100.0,none,Itate Observatory,IPRT,phot.flux.density;em.radio;phys.polarization,1,2026-04-07T11:12:43.002,2026-04-07T11:12:43.542,2026-04-07T11:12:43.542,iprt,http://radio.gp.tohoku.ac.jp/db/IPRT-SUN/DATA2/2026/20260304_IPRT.fits,20260304_IPRT.fits,application/fits,25295.04,UTC,http://radio.gp.tohoku.ac.jp/sun_ql/plot/IPRT_SUN_20260304.gif,Tohoku University,10.1007/s11207-011-9919-y,SolarWind#Heliosphere,Solar radio bursts,AMATERAS,976562.0,976562.0
iprt_amateras_low_20260305_v1.0,IPRT AMATERAS Low Resolution Dataset,iprt_amateras_low_20260305_v1.0,ds,Sun,star,2461104.4401157405,2461104.8011574075,1,1,1,1,100000000,500000000,976562.0,976562.0,500.0,100.0,none,Itate Observatory,IPRT,phot.flux.density;em.radio;phys.polarization,1,2026-04-07T11:12:43.551,2026-04-07T11:12:44.089,2026-04-07T11:12:44.089,iprt,http://radio.gp.tohoku.ac.jp/db/IPRT-SUN/DATA2/2026/20260305_IPRT.fits,20260305_IPRT.fits,application/fits,25493.76,UTC,http://radio.gp.tohoku.ac.jp/sun_ql/plot/IPRT_SUN_20260305.gif,Tohoku University,10.1007/s11207-011-9919-y,SolarWind#Heliosphere,Solar radio bursts,AMATERAS,976562.0,976562.0
iprt_amateras_low_20260306_v1.0,IPRT AMATERAS Low Resolution Dataset,iprt_amateras_low_20260306_v1.0,ds,Sun,star,2461105.4389930554,2461105.801388889,1,1,1,1,100000000,500000000,976562.0,976562.0,500.0,100.0,none,Itate Observatory,IPRT,phot.flux.density;em.radio;phys.polarization,1,2026-04-07T11:12:44.099,2026-04-07T11:12:44.665,2026-04-07T11:12:44.665,iprt,http://radio.gp.tohoku.ac.jp/db/IPRT-SUN/DATA2/2026/20260306_IPRT.fits,20260306_IPRT.fits,application/fits,25591.68,UTC,http://radio.gp.tohoku.ac.jp/sun_ql/plot/IPRT_SUN_20260306.gif,Tohoku University,10.1007/s11207-011-9919-y,SolarWind#Heliosphere,Solar radio bursts,AMATERAS,976562.0,976562.0
iprt_amateras_low_20260307_v1.0,IPRT AMATERAS Low Resolution Dataset,iprt_amateras_low_20260307_v1.0,ds,Sun,star,2461106.4377893517,2461106.8029166665,1,1,1,1,100000000,500000000,976562.0,976562.0,500.0,100.0,none,Itate Observatory,IPRT,phot.flux.density;em.radio;phys.polarization,1,2026-04-07T11:12:44.675,2026-04-07T11:12:45.315,2026-04-07T11:12:45.315,iprt,http://radio.gp.tohoku.ac.jp/db/IPRT-SUN/DATA2/2026/20260307_IPRT.fits,20260307_IPRT.fits,application/fits,25787.52,UTC,http://radio.gp.tohoku.ac.jp/sun_ql/plot/IPRT_SUN_20260307.gif,Tohoku University,10.1007/s11207-011-9919-y,SolarWind#Heliosphere,Solar radio bursts,AMATERAS,976562.0,976562.0
iprt_amateras_low_20260308_v1.0,IPRT AMATERAS Low Resolution Dataset,iprt_amateras_low_20260308_v1.0,ds,Sun,star,2461107.436712963,2461107.8032407407,1,1,1,1,100000000,500000000,976562.0,976562.0,500.0,100.0,none,Itate Observatory,IPRT,phot.flux.density;em.radio;phys.polarization,1,2026-04-07T11:12:45.326,2026-04-07T11:12:46.015,2026-04-07T11:12:46.015,iprt,http://radio.gp.tohoku.ac.jp/db/IPRT-SUN/DATA2/2026/20260308_IPRT.fits,20260308_IPRT.fits,application/fits,25885.44,UTC,http://radio.gp.tohoku.ac.jp/sun_ql/plot/IPRT_SUN_20260308.gif,Tohoku University,10.1007/s11207-011-9919-y,SolarWind#Heliosphere,Solar radio bursts,AMATERAS,976562.0,976562.0
iprt_amateras_low_20260309_v1.0,IPRT AMATERAS Low Resolution Dataset,iprt_amateras_low_20260309_v1.0,ds,Sun,star,2461108.4355324074,2461108.8036342594,1,1,1,1,100000000,500000000,976562.0,976562.0,500.0,100.0,none,Itate Observatory,IPRT,phot.flux.density;em.radio;phys.polarization,1,2026-04-07T11:12:46.027,2026-04-07T11:12:46.588,2026-04-07T11:12:46.588,iprt,http://radio.gp.tohoku.ac.jp/db/IPRT-SUN/DATA2/2026/20260309_IPRT.fits,20260309_IPRT.fits,application/fits,25983.36,UTC,http://radio.gp.tohoku.ac.jp/sun_ql/plot/IPRT_SUN_20260309.gif,Tohoku University,10.1007/s11207-011-9919-y,SolarWind#Heliosphere,Solar radio bursts,AMATERAS,976562.0,976562.0
iprt_amateras_low_20260310_v1.0,IPRT AMATERAS Low Resolution Dataset,iprt_amateras_low_20260310_v1.0,ds,Sun,star,2461109.434386574,2461109.8052199073,1,1,1,1,100000000,500000000,976562.0,976562.0,500.0,100.0,none,Itate Observatory,IPRT,phot.flux.density;em.radio;phys.polarization,1,2026-04-07T11:12:46.598,2026-04-07T11:12:47.108,2026-04-07T11:12:47.108,iprt,http://radio.gp.tohoku.ac.jp/db/IPRT-SUN/DATA2/2026/20260310_IPRT.fits,20260310_IPRT.fits,application/fits,26182.08,UTC,http://radio.gp.tohoku.ac.jp/sun_ql/plot/IPRT_SUN_20260310.gif,Tohoku University,10.1007/s11207-011-9919-y,SolarWind#Heliosphere,Solar radio bursts,AMATERAS,976562.0,976562.0
iprt_amateras_low_20260311_v1.0,IPRT AMATERAS Low Resolution Dataset,iprt_amateras_low_20260311_v1.0,ds,Sun,star,2461110.4332060185,2461110.8053587964,1,1,1,1,100000000,500000000,976562.0,976562.0,500.0,100.0,none,Itate Observatory,IPRT,phot.flux.density;em.radio;phys.polarization,1,2026-04-07T11:12:47.119,2026-04-07T11:12:47.684,2026-04-07T11:12:47.684,iprt,http://radio.gp.tohoku.ac.jp/db/IPRT-SUN/DATA2/2026/20260311_IPRT.fits,20260311_IPRT.fits,application/fits,26182.08,UTC,http://radio.gp.tohoku.ac.jp/sun_ql/plot/IPRT_SUN_20260311.gif,Tohoku University,10.1007/s11207-011-9919-y,SolarWind#Heliosphere,Solar radio bursts,AMATERAS,976562.0,976562.0
iprt_amateras_low_20260312_v1.0,IPRT AMATERAS Low Resolution Dataset,iprt_amateras_low_20260312_v1.0,ds,Sun,star,2461111.4320717594,2461111.8061574074,1,1,1,1,100000000,500000000,976562.0,976562.0,500.0,100.0,none,Itate Observatory,IPRT,phot.flux.density;em.radio;phys.polarization,1,2026-04-07T11:12:47.694,2026-04-07T11:12:48.279,2026-04-07T11:12:48.279,iprt,http://radio.gp.tohoku.ac.jp/db/IPRT-SUN/DATA2/2026/20260312_IPRT.fits,20260312_IPRT.fits,application/fits,26377.92,UTC,http://radio.gp.tohoku.ac.jp/sun_ql/plot/IPRT_SUN_20260312.gif,Tohoku University,10.1007/s11207-011-9919-y,SolarWind#Heliosphere,Solar radio bursts,AMATERAS,976562.0,976562.0
iprt_amateras_low_20260313_v1.0,IPRT AMATERAS Low Resolution Dataset,iprt_amateras_low_20260313_v1.0,ds,Sun,star,2461112.4309143517,2461112.8077314813,1,1,1,1,100000000,500000000,976562.0,976562.0,500.0,100.0,none,Itate Observatory,IPRT,phot.flux.density;em.radio;phys.polarization,1,2026-04-07T11:12:48.290,2026-04-07T11:12:48.801,2026-04-07T11:12:48.801,iprt,http://radio.gp.tohoku.ac.jp/db/IPRT-SUN/DATA2/2026/20260313_IPRT.fits,20260313_IPRT.fits,application/fits,26573.76,UTC,http://radio.gp.tohoku.ac.jp/sun_ql/plot/IPRT_SUN_20260313.gif,Tohoku University,10.1007/s11207-011-9919-y,SolarWind#Heliosphere,Solar radio bursts,AMATERAS,976562.0,976562.0
iprt_amateras_low_20260314_v1.0,IPRT AMATERAS Low Resolution Dataset,iprt_amateras_low_20260314_v1.0,ds,Sun,star,2461113.429525463,2461113.807685185,1,1,1,1,100000000,500000000,976562.0,976562.0,500.0,100.0,none,Itate Observatory,IPRT,phot.flux.density;em.radio;phys.polarization,1,2026-04-07T11:12:48.811,2026-04-07T11:12:49.327,2026-04-07T11:12:49.327,iprt,http://radio.gp.tohoku.ac.jp/db/IPRT-SUN/DATA2/2026/20260314_IPRT.fits,20260314_IPRT.fits,application/fits,26674.56,UTC,http://radio.gp.tohoku.ac.jp/sun_ql/plot/IPRT_SUN_20260314.gif,Tohoku University,10.1007/s11207-011-9919-y,SolarWind#Heliosphere,Solar radio bursts,AMATERAS,976562.0,976562.0
iprt_amateras_low_20260315_v1.0,IPRT AMATERAS Low Resolution Dataset,iprt_amateras_low_20260315_v1.0,ds,Sun,star,2461114.4283796297,2461114.8094907408,1,1,1,1,100000000,500000000,976562.0,976562.0,500.0,100.0,none,Itate Observatory,IPRT,phot.flux.density;em.radio;phys.polarization,1,2026-04-07T11:12:49.337,2026-04-07T11:12:49.844,2026-04-07T11:12:49.844,iprt,http://radio.gp.tohoku.ac.jp/db/IPRT-SUN/DATA2/2026/20260315_IPRT.fits,20260315_IPRT.fits,application/fits,26870.4,UTC,http://radio.gp.tohoku.ac.jp/sun_ql/plot/IPRT_SUN_20260315.gif,Tohoku University,10.1007/s11207-011-9919-y,SolarWind#Heliosphere,Solar radio bursts,AMATERAS,976562.0,976562.0
iprt_amateras_low_20260316_v1.0,IPRT AMATERAS Low Resolution Dataset,iprt_amateras_low_20260316_v1.0,ds,Sun,star,2461115.4272453706,2461115.8094444443,1,1,1,1,100000000,500000000,976562.0,976562.0,500.0,100.0,none,Itate Observatory,IPRT,phot.flux.density;em.radio;phys.polarization,1,2026-04-07T11:12:49.852,2026-04-07T11:12:50.373,2026-04-07T11:12:50.373,iprt,http://radio.gp.tohoku.ac.jp/db/IPRT-SUN/DATA2/2026/20260316_IPRT.fits,20260316_IPRT.fits,application/fits,26968.32,UTC,http://radio.gp.tohoku.ac.jp/sun_ql/plot/IPRT_SUN_20260316.gif,Tohoku University,10.1007/s11207-011-9919-y,SolarWind#Heliosphere,Solar radio bursts,AMATERAS,976562.0,976562.0
iprt_amateras_low_20260317_v1.0,IPRT AMATERAS Low Resolution Dataset,iprt_amateras_low_20260317_v1.0,ds,Sun,star,2461116.426076389,2461116.8108449075,1,1,1,1,100000000,500000000,976562.0,976562.0,500.0,100.0,none,Itate Observatory,IPRT,phot.flux.density;em.radio;phys.polarization,1,2026-04-07T11:12:50.383,2026-04-07T11:12:51.109,2026-04-07T11:12:51.109,iprt,http://radio.gp.tohoku.ac.jp/db/IPRT-SUN/DATA2/2026/20260317_IPRT.fits,20260317_IPRT.fits,application/fits,27164.16,UTC,http://radio.gp.tohoku.ac.jp/sun_ql/plot/IPRT_SUN_20260317.gif,Tohoku University,10.1007/s11207-011-9919-y,SolarWind#Heliosphere,Solar radio bursts,AMATERAS,976562.0,976562.0
iprt_amateras_low_20260318_v1.0,IPRT AMATERAS Low Resolution Dataset,iprt_amateras_low_20260318_v1.0,ds,Sun,star,2461117.425138889,2461117.811550926,1,1,1,1,100000000,500000000,976562.0,976562.0,500.0,100.0,none,Itate Observatory,IPRT,phot.flux.density;em.radio;phys.polarization,1,2026-04-07T11:12:51.119,2026-04-07T11:12:51.660,2026-04-07T11:12:51.660,iprt,http://radio.gp.tohoku.ac.jp/db/IPRT-SUN/DATA2/2026/20260318_IPRT.fits,20260318_IPRT.fits,application/fits,27264.96,UTC,http://radio.gp.tohoku.ac.jp/sun_ql/plot/IPRT_SUN_20260318.gif,Tohoku University,10.1007/s11207-011-9919-y,SolarWind#Heliosphere,Solar radio bursts,AMATERAS,976562.0,976562.0
iprt_amateras_low_20260319_v1.0,IPRT AMATERAS Low Resolution Dataset,iprt_amateras_low_20260319_v1.0,ds,Sun,star,2461118.4239930557,2461118.8122800924,1,1,1,1,100000000,500000000,976562.0,976562.0,500.0,100.0,none,Itate Observatory,IPRT,phot.flux.density;em.radio;phys.polarization,1,2026-04-07T11:12:51.668,2026-04-07T11:12:52.248,2026-04-07T11:12:52.248,iprt,http://radio.gp.tohoku.ac.jp/db/IPRT-SUN/DATA2/2026/20260319_IPRT.fits,20260319_IPRT.fits,application/fits,27362.88,UTC,http://radio.gp.tohoku.ac.jp/sun_ql/plot/IPRT_SUN_20260319.gif,Tohoku University,10.1007/s11207-011-9919-y,SolarWind#Heliosphere,Solar radio bursts,AMATERAS,976562.0,976562.0
iprt_amateras_low_20260320_v1.0,IPRT AMATERAS Low Resolution Dataset,iprt_amateras_low_20260320_v1.0,ds,Sun,star,2461119.422824074,2461119.8124305555,1,1,1,1,100000000,500000000,976562.0,976562.0,500.0,100.0,none,Itate Observatory,IPRT,phot.flux.density;em.radio;phys.polarization,1,2026-04-07T11:12:52.262,2026-04-07T11:12:52.807,2026-04-07T11:12:52.807,iprt,http://radio.gp.tohoku.ac.jp/db/IPRT-SUN/DATA2/2026/20260320_IPRT.fits,20260320_IPRT.fits,application/fits,27460.8,UTC,http://radio.gp.tohoku.ac.jp/sun_ql/plot/IPRT_SUN_20260320.gif,Tohoku University,10.1007/s11207-011-9919-y,SolarWind#Heliosphere,Solar radio bursts,AMATERAS,976562.0,976562.0
iprt_amateras_low_20260321_v1.0,IPRT AMATERAS Low Resolution Dataset,iprt_amateras_low_20260321_v1.0,ds,Sun,star,2461120.4217939815,2461120.813865741,1,1,1,1,100000000,500000000,976562.0,976562.0,500.0,100.0,none,Itate Observatory,IPRT,phot.flux.density;em.radio;phys.polarization,1,2026-04-07T11:12:52.817,2026-04-07T11:12:53.365,2026-04-07T11:12:53.365,iprt,http://radio.gp.tohoku.ac.jp/db/IPRT-SUN/DATA2/2026/20260321_IPRT.fits,20260321_IPRT.fits,application/fits,27656.64,UTC,http://radio.gp.tohoku.ac.jp/sun_ql/plot/IPRT_SUN_20260321.gif,Tohoku University,10.1007/s11207-011-9919-y,SolarWind#Heliosphere,Solar radio bursts,AMATERAS,976562.0,976562.0
iprt_amateras_low_20260322_v1.0,IPRT AMATERAS Low Resolution Dataset,iprt_amateras_low_20260322_v1.0,ds,Sun,star,2461121.4205787037,2461121.814525463,1,1,1,1,100000000,500000000,976562.0,976562.0,500.0,100.0,none,Itate Observatory,IPRT,phot.flux.density;em.radio;phys.polarization,1,2026-04-07T11:12:53.374,2026-04-07T11:12:53.935,2026-04-07T11:12:53.935,iprt,http://radio.gp.tohoku.ac.jp/db/IPRT-SUN/DATA2/2026/20260322_IPRT.fits,20260322_IPRT.fits,application/fits,27754.56,UTC,http://radio.gp.tohoku.ac.jp/sun_ql/plot/IPRT_SUN_20260322.gif,Tohoku University,10.1007/s11207-011-9919-y,SolarWind#Heliosphere,Solar radio bursts,AMATERAS,976562.0,976562.0
iprt_amateras_low_20260323_v1.0,IPRT AMATERAS Low Resolution Dataset,iprt_amateras_low_20260323_v1.0,ds,Sun,star,2461122.4194560186,2461122.8153819446,1,1,1,1,100000000,500000000,976562.0,976562.0,500.0,100.0,none,Itate Observatory,IPRT,phot.flux.density;em.radio;phys.polarization,1,2026-04-07T11:12:53.945,2026-04-07T11:12:54.485,2026-04-07T11:12:54.485,iprt,http://radio.gp.tohoku.ac.jp/db/IPRT-SUN/DATA2/2026/20260323_IPRT.fits,20260323_IPRT.fits,application/fits,27953.28,UTC,http://radio.gp.tohoku.ac.jp/sun_ql/plot/IPRT_SUN_20260323.gif,Tohoku University,10.1007/s11207-011-9919-y,SolarWind#Heliosphere,Solar radio bursts,AMATERAS,976562.0,976562.0
iprt_amateras_low_20260324_v1.0,IPRT AMATERAS Low Resolution Dataset,iprt_amateras_low_20260324_v1.0,ds,Sun,star,2461123.418587963,2461123.816284722,1,1,1,1,100000000,500000000,976562.0,976562.0,500.0,100.0,none,Itate Observatory,IPRT,phot.flux.density;em.radio;phys.polarization,1,2026-04-07T11:12:54.493,2026-04-07T11:12:55.048,2026-04-07T11:12:55.048,iprt,http://radio.gp.tohoku.ac.jp/db/IPRT-SUN/DATA2/2026/20260324_IPRT.fits,20260324_IPRT.fits,application/fits,28051.2,UTC,http://radio.gp.tohoku.ac.jp/sun_ql/plot/IPRT_SUN_20260324.gif,Tohoku University,10.1007/s11207-011-9919-y,SolarWind#Heliosphere,Solar radio bursts,AMATERAS,976562.0,976562.0
iprt_amateras_low_20260325_v1.0,IPRT AMATERAS Low Resolution Dataset,iprt_amateras_low_20260325_v1.0,ds,Sun,star,2461124.4174421295,2461124.8161921296,1,1,1,1,100000000,500000000,976562.0,976562.0,500.0,100.0,none,Itate Observatory,IPRT,phot.flux.density;em.radio;phys.polarization,1,2026-04-07T11:12:55.058,2026-04-07T11:12:55.644,2026-04-07T11:12:55.644,iprt,http://radio.gp.tohoku.ac.jp/db/IPRT-SUN/DATA2/2026/20260325_IPRT.fits,20260325_IPRT.fits,application/fits,28149.12,UTC,http://radio.gp.tohoku.ac.jp/sun_ql/plot/IPRT_SUN_20260325.gif,Tohoku University,10.1007/s11207-011-9919-y,SolarWind#Heliosphere,Solar radio bursts,AMATERAS,976562.0,976562.0
iprt_amateras_low_20260329_v1.0,IPRT AMATERAS Low Resolution Dataset,iprt_amateras_low_20260329_v1.0,ds,Sun,star,2461128.4130324074,2461128.819224537,1,1,1,1,100000000,500000000,976562.0,976562.0,500.0,100.0,none,Itate Observatory,IPRT,phot.flux.density;em.radio;phys.polarization,1,2026-04-07T11:12:55.658,2026-04-07T11:12:56.263,2026-04-07T11:12:56.263,iprt,http://radio.gp.tohoku.ac.jp/db/IPRT-SUN/DATA2/2026/20260329_IPRT.fits,20260329_IPRT.fits,application/fits,28543.68,UTC,http://radio.gp.tohoku.ac.jp/sun_ql/plot/IPRT_SUN_20260329.gif,Tohoku University,10.1007/s11207-011-9919-y,SolarWind#Heliosphere,Solar radio bursts,AMATERAS,976562.0,976562.0
iprt_amateras_low_20260330_v1.0,IPRT AMATERAS Low Resolution Dataset,iprt_amateras_low_20260330_v1.0,ds,Sun,star,2461129.4120833334,2461129.8194328705,1,1,1,1,100000000,500000000,976562.0,976562.0,500.0,100.0,none,Itate Observatory,IPRT,phot.flux.density;em.radio;phys.polarization,1,2026-04-07T11:12:56.272,2026-04-07T11:12:56.800,2026-04-07T11:12:56.800,iprt,http://radio.gp.tohoku.ac.jp/db/IPRT-SUN/DATA2/2026/20260330_IPRT.fits,20260330_IPRT.fits,application/fits,28641.6,UTC,http://radio.gp.tohoku.ac.jp/sun_ql/plot/IPRT_SUN_20260330.gif,Tohoku University,10.1007/s11207-011-9919-y,SolarWind#Heliosphere,Solar radio bursts,AMATERAS,976562.0,976562.0
iprt_amateras_low_20260331_v1.0,IPRT AMATERAS Low Resolution Dataset,iprt_amateras_low_20260331_v1.0,ds,Sun,star,2461130.410983796,2461130.8205671296,1,1,1,1,100000000,500000000,976562.0,976562.0,500.0,100.0,none,Itate Observatory,IPRT,phot.flux.density;em.radio;phys.polarization,1,2026-04-07T11:12:56.807,2026-04-07T11:12:57.404,2026-04-07T11:12:57.404,iprt,http://radio.gp.tohoku.ac.jp/db/IPRT-SUN/DATA2/2026/20260331_IPRT.fits,20260331_IPRT.fits,application/fits,28739.52,UTC,http://radio.gp.tohoku.ac.jp/sun_ql/plot/IPRT_SUN_20260331.gif,Tohoku University,10.1007/s11207-011-9919-y,SolarWind#Heliosphere,Solar radio bursts,AMATERAS,976562.0,976562.0
iprt_amateras_low_20260401_v1.0,IPRT AMATERAS Low Resolution Dataset,iprt_amateras_low_20260401_v1.0,ds,Sun,star,2461131.409537037,2461131.8207523148,1,1,1,1,100000000,500000000,976562.0,976562.0,500.0,100.0,none,Itate Observatory,IPRT,phot.flux.density;em.radio;phys.polarization,1,2026-04-07T11:12:57.413,2026-04-07T11:12:58.021,2026-04-07T11:12:58.021,iprt,http://radio.gp.tohoku.ac.jp/db/IPRT-SUN/DATA2/2026/20260401_IPRT.fits,20260401_IPRT.fits,application/fits,28935.36,UTC,http://radio.gp.tohoku.ac.jp/sun_ql/plot/IPRT_SUN_20260401.gif,Tohoku University,10.1007/s11207-011-9919-y,SolarWind#Heliosphere,Solar radio bursts,AMATERAS,976562.0,976562.0
iprt_amateras_low_20260402_v1.0,IPRT AMATERAS Low Resolution Dataset,iprt_amateras_low_20260402_v1.0,ds,Sun,star,2461132.408726852,2461132.82181713,1,1,1,1,100000000,500000000,976562.0,976562.0,500.0,100.0,none,Itate Observatory,IPRT,phot.flux.density;em.radio;phys.polarization,1,2026-04-07T11:12:58.030,2026-04-07T11:12:58.577,2026-04-07T11:12:58.577,iprt,http://radio.gp.tohoku.ac.jp/db/IPRT-SUN/DATA2/2026/20260402_IPRT.fits,20260402_IPRT.fits,application/fits,29134.08,UTC,http://radio.gp.tohoku.ac.jp/sun_ql/plot/IPRT_SUN_20260402.gif,Tohoku University,10.1007/s11207-011-9919-y,SolarWind#Heliosphere,Solar radio bursts,AMATERAS,976562.0,976562.0
iprt_amateras_low_20260403_v1.0,IPRT AMATERAS Low Resolution Dataset,iprt_amateras_low_20260403_v1.0,ds,Sun,star,2461133.4074884257,2461133.8218055554,1,1,1,1,100000000,500000000,976562.0,976562.0,500.0,100.0,none,Itate Observatory,IPRT,phot.flux.density;em.radio;phys.polarization,1,2026-04-07T11:12:58.587,2026-04-07T11:12:59.161,2026-04-07T11:12:59.161,iprt,http://radio.gp.tohoku.ac.jp/db/IPRT-SUN/DATA2/2026/20260403_IPRT.fits,20260403_IPRT.fits,application/fits,29232.0,UTC,http://radio.gp.tohoku.ac.jp/sun_ql/plot/IPRT_SUN_20260403.gif,Tohoku University,10.1007/s11207-011-9919-y,SolarWind#Heliosphere,Solar radio bursts,AMATERAS,976562.0,976562.0
iprt_amateras_low_20260404_v1.0,IPRT AMATERAS Low Resolution Dataset,iprt_amateras_low_20260404_v1.0,ds,Sun,star,2461134.406597222,2461134.8236226854,1,1,1,1,100000000,500000000,976562.0,976562.0,500.0,100.0,none,Itate Observatory,IPRT,phot.flux.density;em.radio;phys.polarization,1,2026-04-07T11:12:59.170,2026-04-07T11:12:59.709,2026-04-07T11:12:59.709,iprt,http://radio.gp.tohoku.ac.jp/db/IPRT-SUN/DATA2/2026/20260404_IPRT.fits,20260404_IPRT.fits,application/fits,29427.84,UTC,http://radio.gp.tohoku.ac.jp/sun_ql/plot/IPRT_SUN_20260404.gif,Tohoku University,10.1007/s11207-011-9919-y,SolarWind#Heliosphere,Solar radio bursts,AMATERAS,976562.0,976562.0
iprt_amateras_low_20260405_v1.0,IPRT AMATERAS Low Resolution Dataset,iprt_amateras_low_20260405_v1.0,ds,Sun,star,2461135.405451389,2461135.8238657406,1,1,1,1,100000000,500000000,976562.0,976562.0,500.0,100.0,none,Itate Observatory,IPRT,phot.flux.density;em.radio;phys.polarization,1,2026-04-07T11:12:59.721,2026-04-07T11:13:00.287,2026-04-07T11:13:00.287,iprt,http://radio.gp.tohoku.ac.jp/db/IPRT-SUN/DATA2/2026/20260405_IPRT.fits,20260405_IPRT.fits,application/fits,29427.84,UTC,http://radio.gp.tohoku.ac.jp/sun_ql/plot/IPRT_SUN_20260405.gif,Tohoku University,10.1007/s11207-011-9919-y,SolarWind#Heliosphere,Solar radio bursts,AMATERAS,976562.0,976562.0
iprt_amateras_low_20260406_v1.0,IPRT AMATERAS Low Resolution Dataset,iprt_amateras_low_20260406_v1.0,ds,Sun,star,2461136.4046527776,2461136.825046296,1,1,1,1,100000000,500000000,976562.0,976562.0,500.0,100.0,none,Itate Observatory,IPRT,phot.flux.density;em.radio;phys.polarization,1,2026-04-07T11:13:00.295,2026-04-07T11:13:00.853,2026-04-07T11:13:00.853,iprt,http://radio.gp.tohoku.ac.jp/db/IPRT-SUN/DATA2/2026/20260406_IPRT.fits,20260406_IPRT.fits,application/fits,29626.56,UTC,http://radio.gp.tohoku.ac.jp/sun_ql/plot/IPRT_SUN_20260406.gif,Tohoku University,10.1007/s11207-011-9919-y,SolarWind#Heliosphere,Solar radio bursts,AMATERAS,976562.0,976562.0
